id_titular,nombre_titular,apellido_titular,genero_titular,direccion_titular,ciudad_titular,estado_titular,codigo_postal_titular,latitud_titular,longitud_titular,poblacion_ciudad,ocupacion_titular,fecha_nacimiento
5104807169438134,Regina,Johnston,F,641 Steven Mall Apt. 299,Westhampton Beach,NY,11978,40.8295,-72.6473,3255,Financial trader,1978-07-08
4355790796238264643,Tanner,Davis,M,2632 Stevens Light Apt. 213,Payson,IL,62360,39.8153,-91.2627,1656,Exhibition designer,1969-08-04
4301028321766222513,Joe,Howard,M,109 Brian Lights Apt. 504,Shippingport,PA,15077,40.6025,-80.3863,198,Secretary/administrator,1978-10-26
4342532437704183,Kevin,Elliott,M,1852 Vincent Isle Suite 328,Newark Valley,NY,13811,42.2281,-76.1625,4354,Further education lecturer,1994-02-16
4826655832045236,Tami,Forbes,F,5204 Robinson Plaza Suite 897,Barnstable,MA,2630,41.6983,-70.3001,1850,Counselling psychologist,1963-12-29
3596217206093829,Sara,Ramirez,F,23843 Scott Island,Birmingham,IA,52535,40.8626,-91.9534,888,Camera operator,1988-03-25
3506592072985012,Randy,Murphy,M,0356 Sarah Light,Ballwin,MO,63021,38.577,-90.5255,92608,"Engineer, communications",2001-07-26
213178850083780,Shawn,King,M,31493 Garcia Summit,Athena,OR,97813,45.8289,-118.4971,1302,Dealer,1976-10-18
6011934240159560,Joshua,Cohen,M,426 Mark Ports,Brooklin,ME,4616,44.2541,-68.5565,824,"Loss adjuster, chartered",1974-11-02
4220495028289516646,Bethany,Andrade,F,7898 Wanda Springs,Corona,CA,92882,33.8419,-117.6043,233717,Wellsite geologist,1966-05-22
639023984367,Destiny,Lowe,F,79472 Stevens Trace Apt. 120,Hannawa Falls,NY,13647,44.6087,-74.9732,69,Chief Executive Officer,1991-06-05
3502088871723054,Scott,Martin,M,31472 Cody Place Suite 740,Kensington,MD,20895,39.0298,-77.0793,19054,Operations geologist,1976-09-08
2252055259910912,Jason,Hernandez,M,220 Frank Gardens,Hewitt,WI,54441,44.6437,-90.1031,828,Arts development officer,1991-08-19
2720012583106919,Joseph,Murray,M,42933 Ryan Underpass,Manderson,SD,57756,43.3526,-102.5411,1126,Volunteer coordinator,1980-08-18
3560336828629935,Christopher,White,M,13613 Hammond Ferry,Clutier,IA,52217,42.0789,-92.3763,590,"Embryologist, clinical",1953-03-30
213113028819344,Melanie,Jimenez,F,77944 Daniels Valley Suite 921,Camden,NY,13316,43.3392,-75.7543,6460,Building control surveyor,1959-09-27
4658117080136,Dwayne,Martinez,M,490 Baldwin Alley Apt. 468,Crownpoint,NM,87313,35.7206,-108.0271,5662,IT consultant,1989-04-08
348253506557335,Thomas,Gibson,M,32745 Silva Springs Suite 040,Grand Bay,AL,36541,30.4983,-88.3282,15647,Armed forces logistics/support/administrative officer,1948-03-22
675909898057,Christopher,Henry,M,1198 Robert Stravenue Apt. 479,Armonk,NY,10504,41.136,-73.7009,7987,Television/film/video producer,1964-03-16
3511058278399773,Briana,Santos,F,702 Tabitha Drive,New Goshen,IN,47863,39.5803,-87.4616,205,"Engineer, mining",1960-01-06
